{
  "oneConfigKeyBind": {
    "keyBinds": [
      54
    ]
  },
  "enableBlur": true,
  "enableCustomScale": false,
  "customScale": 1.0,
  "openingBehavior": 0,
  "showPageAnimationOnOpen": true,
  "timeUntilReset": 15,
  "searchDistance": 2,
  "guiOpenAnimation": true,
  "guiClosingAnimation": true,
  "animationTime": 0.6,
  "animationType": 0,
  "showPageAnimations": true,
  "pageAnimationDuration": 0.3,
  "toggleSwitchBounce": true,
  "trackerResponseDuration": 60.0,
  "autoSetHypixelKey": true,
  "syncHypixelKeys": true,
  "updateChannel": 1,
  "DEBUG": false,
  "enabled": true,
  "canToggle": true
}